youtube_link,caption,download_link,success,downloaded
https://youtu.be/EYr7tJCf8C4,,,
https://youtu.be/5_rSxy7uk-0,,,
https://youtu.be/rn_WmM45cGc,,,
https://youtu.be/xH1BOnD0tOE,,,
https://youtu.be/tErALPjnCIE,,,
https://youtu.be/7zrOhHfZKI0,,,
https://youtu.be/MEEiYyMOZBw,,,
https://youtu.be/uRzcz-bNSZ8,,,
https://youtu.be/wpupUxaVaQU,,,
https://youtu.be/jqWKdcPaEi8,,,
https://youtu.be/2PxUXWLHF-w,,,
https://youtu.be/E5ZRhmSXswE,,,
https://youtu.be/Ct177X9Pe28,,,
https://youtu.be/dLbKHRWmesI,,,
https://youtu.be/CxRkY1g1n5k,,,
https://youtu.be/0_YVepEz6qo,,,
https://youtu.be/Vqs1Fj6eqBU,,,
https://youtu.be/Daw7skDnL5Q,,,
https://youtu.be/9jCaZ0SiTl4,,,
https://youtu.be/GIy_lM100Hk,,,
https://youtu.be/Ci688lgJ5ng,,,
https://youtu.be/ogln4RTTHEU,,,
https://youtu.be/oSyXR6uI-hg,,,
https://youtu.be/Yif6PktaAoI,,,
https://youtu.be/rtrzZ3GiEYg,,,
https://youtu.be/u2pxfoOzQO8,,,
https://youtu.be/Zlv8Gw9zWRU,,,
https://youtu.be/oZI5wuKc5Fs,,,
https://youtu.be/O-dR6QvitGg,,,
https://youtu.be/2T2jibcBsw4,,,
https://youtu.be/hzqe9DKp5yU,,,
https://youtu.be/p395xar9cy4,,,
https://youtu.be/3AKMVDzJFMA,,,
https://youtu.be/R-qyKYbR8Ho,,,
https://youtu.be/vzAoYKila8g,,,
https://youtu.be/j3Rq-YmJiMY,,,
https://youtu.be/NtdkTKqUJ98,,,
https://youtu.be/A-bnDB8VaMU,,,
https://youtu.be/VeyZ8n6QL1I,,,
https://youtu.be/vE8CMvPgT-w,,,
https://youtu.be/HrNyQPNS9xs,,,
https://youtu.be/M6JELlaMLUE,,,
https://youtu.be/qQ8ubBKHcos,,,
https://youtu.be/5_1Zh9VDFNk,,,
https://youtu.be/gVuJIEwrTnE,,,
https://youtu.be/lYptTXLqt2E,,,
https://youtu.be/5whxrWqdiNo,,,
https://youtu.be/4lKEymzokcU,,,
https://youtu.be/tiRTHKyc9kA,,,
https://youtu.be/zeKqE178jaQ,,,
https://youtu.be/pLT5bI5GhXs,,,
https://youtu.be/4-CHRBcbcJ0,,,
https://youtu.be/FA2o52BQwbM,,,
https://youtu.be/a7a7vVqWgew,,,
https://youtu.be/Ts-LAAvb3EM,,,
https://youtu.be/NGeBGy7jjHE,,,
https://youtu.be/quc0x8dzgxo,,,
https://youtu.be/yrkBYqSy4HA,,,
https://youtu.be/QUmSLIr6Z8s,,,
https://youtu.be/DZGvG1KoZlA,,,
https://youtu.be/Iv_Z69y8ZUY,,,
https://youtu.be/RsoVw9XnuLE,,,
https://youtu.be/OJ2XgYGKZ1c,,,
https://youtu.be/Q8zkwv2TstU,,,
https://youtu.be/oQ4J9dwav7Y,,,
https://youtu.be/b7UCjD2JOAY,,,
https://youtu.be/1BtBiQUgp5I,,,
https://youtu.be/Kyf_6sZqGPE,,,
https://youtu.be/8dm8RKf8IG0,,,
https://youtu.be/9EkjAxajEuY,,,
https://youtu.be/dcd1ooz9KW8,,,
https://youtu.be/XhQep2oEDrY,,,
https://youtu.be/AfKTB-ulLy4,,,
https://youtu.be/gH8zrqNcqvA,,,
https://youtu.be/r90H6jU8okk,,,
https://youtu.be/aJYWquY9mCE,,,
https://youtu.be/mdRwGJa_y2k,,,
https://youtu.be/_R-YuOEnBH8,,,
https://youtu.be/F4Ef7OJQsxs,,,
https://youtu.be/3GS9AbnhhHc,,,
https://youtu.be/un3X5QqTYRA,,,
https://youtu.be/sIXjD91GM8k,,,
https://youtu.be/YqyD0Q_5OWA,,,
https://youtu.be/zU4kJWfUn6Q,,,
https://youtu.be/nALFwaTTWJo,,,
https://youtu.be/OvzEUBvrwb8,,,
https://youtu.be/qWdFg2Ni0ks,,,
https://youtu.be/syKRUpeWPmk,,,
https://youtu.be/PqA3XgfyveY,,,
https://youtu.be/ulhJ-OW0oBs,,,
https://youtu.be/F4VIQXVz76w,,,
https://youtu.be/UpGlnxfprZU,,,
https://youtu.be/W48us2EfYU0,,,
https://youtu.be/1v49QoTieJ0,,,
https://youtu.be/libAvM_YHkE,,,
https://youtu.be/du4dVbM_-kI,,,
https://youtu.be/TYvmmwLEp5M,,,
https://youtu.be/dkFInXPF-vk,,,
https://youtu.be/cgM8IPbBAmc,,,
https://youtu.be/NMtUKW0VFf0,,,
https://youtu.be/Vdvn_EXPfUs,,,
https://youtu.be/QZ-2HfzeCXI,,,
https://youtu.be/JfHLZT6Vgw8,,,
https://youtu.be/QPhgwL4BPMU,,,
https://youtu.be/8_OO_AkZ7Ps,,,
https://youtu.be/2VI0cRYykdc,,,
https://youtu.be/RuLtxLlyM6A,,,
https://youtu.be/ji44SoTbpfk,,,
https://youtu.be/6r0liGboIh4,,,
https://youtu.be/LZLRpD40Sck,,,
https://youtu.be/2s2zIu8-a5g,,,
https://youtu.be/UHmsyHnKYFg,,,
https://youtu.be/c3GSThHHcpw,,,
https://youtu.be/sIWtjDZv3aA,,,
https://youtu.be/owm5Vf1TM7k,,,
https://youtu.be/lDerRFkOg4Q,,,